B00004Y7S5,0
6305940959,1
B000087EY0,2
1558908412,3
B00008DDR8,4
B00004R997,5
6305942331,6
B000063V8G,7
B00005JKHN,8
B00004R995,9
B00004R993,10
B00001U0DR,11
B0000640VM,12
B000063V8M,13
B0000694ZS,14
B00005JL96,15
B00004R999,16
B00005JKX4,17
B00005T5YC,18
6304711921,19
B00008Y47T,20
1558908404,21
B00005RDSQ,22
B00005RDSN,23
B000085EF7,24
B00005RDST,25
B00003CXHS,26
B000087EXZ,27
B0000683BE,28
6304711867,29
B0000524D0,30
0788816462,31
B00003CXQ7,32
630595027X,33
B00005JLR2,34
B00005JMB3,35
B00006LPHB,36
B000089799,37
B000068QPM,38
B00005RDSM,39
B00005O06B,40
1558908374,41
B00003CXWJ,42
B000065V3X,43
B00001TZ6K,44
B00004R99B,45
B00004R99D,46
6305090602,47
B00004R99F,48
B00007ELG3,49
B00004R99H,50
B00007LVCT,51
6305616027,52
B00004U9WR,53
B00004R99J,54
B00004U9WQ,55
B00006LPAJ,56
B00004R99L,57
B000065V43,58
B00004R99O,59
B000065V44,60
B00004R99Q,61
B00004R99S,62
B00004R99U,63
B00004R99W,64
B00004R99Y,65
B00005T7HD,66
B00005A1RF,67
B00001QEBQ,68
6305784116,69
B00003CWPX,70
B000096IAI,71
B0000649EQ,72
B000089G5O,73
B00005T7H7,74
B00005KAQJ,75
B00005T7H5,76
B00003CX9W,77
B00005T7H3,78
6305320950,79
B00004T2SJ,80
B00003CXCQ,81
B00008432O,82
B00008432N,83
B000068NLQ,84
B00006SFIP,85
B000035Z50,86
B000068NLS,87
B000068NLR,88
B00005K9OE,89
B000068NLT,90
B00003CX8Y,91
B000050MN3,92
B00005K9OF,93
B000059XUT,94
B000035Z48,95
B0000764K0,96
B000068MC6,97
B00001QEE8,98
B00005AR3G,99
B00001QEE9,100
B00001QEE6,101
B00001QEE7,102
6305950547,103
B00001QEE4,104
B00001QEE5,105
B000059TCE,106
B000068MBO,107
B00001QEE2,108
B00001QEE3,109
B000059TCD,110
B00003CXB4,111
B00004R9A0,112
B000035Z2T,113
6305949980,114
B00003CXQY,115
B00004R9A4,116
B00005JKDR,117
B00004R9A6,118
B000059Z8M,119
B00004WL3E,120
B00005KARI,121
B00005TN8K,122
B00005KARK,123
